NodeID,Count
"node_18_1533792956024",1
"node_22_1533774980599",4
"node_26_1533775851592",1
"slot_13_1533519758344",4
"node_5_1533791755627",1
"node_1_1531442055604",11
"node_21_1533521123010",2
"node_6_1531187598454",2
"node_40_1533524045648",3
"node_69_1533527126676",3
"node_47_1533527126674",7
"node_10_1533792547640",4
"node_12_1533603603903",1
"handler_2_1531187331247",2
"node_10_1533532926997",4
"node_7_1533615021241",2
"slot_97_1533528557211",3
"node_1_1533619663004",4
"node_3_1531196249262",2
"node_49_1528940672459",3
"node_11_1533773684407",3
"node_15_1533603920358",4
"node_73_1533527126676",2
"node_23_1533774980599",1
"node_23_1533540412203",4
"node_13_1531310034515",5
"handler_10_1531122285019",2
"node_1_1533791642523",2
"node_5_1531108952404",1
"node_20_1530856468007",6
"node_13_1531640509237",4
"node_37_1533523957452",2
"node_26_1530857992295",1
"node_2_1533792049903",2
"handler_71_1533527126676",2
"node_2_1531698632145",1
"node_1_1531196119261",2
"node_8_1533281269704",2
"handler_22_1531182946120",2
"node_14_1533781206093",5
"node_50_1533527126676",2
"node_3_1533623635768",2
"node_10_1533603302796",5
"node_1_1533271983609",2
"node_4_1533778775619",2
"node_27_1530858313249",1
"node_4_1533624430006",8
"node_8_1533792336107",2
"node_9_1533603223656",1
"node_3_1531098948040",2
"node_94_1533528557211",1
"node_9_1533532063298",2
"node_5_1533531763909",1
"node_3_1530074318484",2
"slot_70_1533527126676",3
"node_11_1531309913788",2
"node_89_1533528557211",3
"node_6_1533614985729",4
"handler_99_1533528557211",1
"node_12_1531640477759",4
"node_39_1533523971884",1
"node_68_1533527126676",9
"handler_6_1530074318496",2
"node_9_1533519567851",1
"node_9_1533616071758",2
"node_2_1533606212545",4
"node_7_1531309651291",1
"node_29_1530861284228",16
"node_10_1533621075534",4
"node_12_1533618163445",1
"node_1_1533613078334",3
"node_9_1533620973244",7
"node_45_1533524097628",1
"node_61_1533527126676",2
"node_43_1533524045648",2
"node_4_1533792049903",1
"node_6_1531309545950",4
"node_19_1533521123009",8
"handler_15_1533519758344",1
"node_7_1533620058214",1
"handler_9_1530074480260",1
"node_87_1533528557211",2
"node_20_1533521123010",2
"node_4_1533614839282",6
"node_30_1530861681245",2
"node_6_1533601509330",2
"Anything else",1
"node_3_1531699644654",3
"node_2_1531184713568",2
"node_5_1533606722017",2
"node_15_1531294643417",2
"node_2_1530840837239",4
"node_1_1533792049902",5
"node_11_1533618067296",2
"node_1_1531184705377",1
"slot_21_1531182946120",4
"node_4_1531700552251",1
"node_18_1530854653578",4
"node_54_1533527126676",2
"Welcome",2
"node_5_1530852780540",2
"node_32_1533523046612",2
"node_15_1533792770522",3
"node_48_1533527126676",9
"node_12_1531309920021",1
"node_14_1531294530235",5
"node_1_1531093538259",3
"node_51_1533527126676",2
"node_1_1533600517063",6
"node_2_1533515824211",9
"node_67_1533527126676",1
"node_1_1533275234077",2
"node_55_1533527126676",2
"node_14_1533539295934",3
"node_4_1530852667397",5
"node_88_1533528557211",2
"node_19_1533622572224",5
"handler_14_1533519758344",2
"node_2_1533773624769",1
"node_14_1530854160397",5
"node_57_1533527126676",1
"node_13_1533518085541",4
"node_24_1533522202100",3
"node_3_1533777980308",1
"node_6_1530852904568",1
"node_14_1531640647169",2
"node_8_1533617976818",6
"node_56_1533527126676",1
"node_13_1533792673107",1
"node_7_1533617578129",1
"node_10_1531309787882",4
"node_10_1531638910390",2
"node_15_1530854314846",7
"node_1_1531101161206",2
"node_58_1533527126676",13
"node_16_1533622311594",2
"node_44_1533524045648",1
"node_13_1531294476182",5
"handler_3_1533530227072",1
"node_2_1533614752529",5
"node_34_1533523353353",3
"node_2_1533600569479",2
"node_4_1533619771373",1
"node_95_1533528557211",9
"node_2_1533779402927",2
"node_28_1530860868107",5
"node_13_1533534935077",3
"node_6_1533792148600",4
"node_1_1533614711442",7
"node_8_1533773669695",1
"handler_72_1533527126676",1
"node_90_1533528557211",5
"node_2_1531096345169",2
"node_9_1533779570465",2
"node_15_1533535391286",2
"node_1_1531312086443",2
"node_85_1533528557211",9
"node_3_1533617121259",2
"node_10_1533618030058",5
"node_1_1533617009819",6
"node_5_1533614905926",2
"node_2_1533617088851",6
"node_100_1533528557211",1
"node_16_1533792928321",4
"node_2_1533271518896",7
"node_53_1533527126676",5
"node_24_1533775583485",2
"node_4_1533791754418",2
"node_4_1533530354606",3
"node_2_1533612934207",3
"handler_17_1531295045755",2
"node_18_1533521102451",7
"node_35_1533523419539",5
"node_12_1533534690548",1
"node_4_1531187371151",4
"node_3_1533791745609",2
"node_42_1533524045648",2
"node_8_1533519444093",2
"node_22_1533540340653",5
"node_1_1530074162055",5
"node_15_1531310203486",1
"node_8_1533602787882",2
"node_8_1533615050886",1
"node_1_1531095437850",2
"node_62_1533527126676",3
"node_1_1533773624767",3
"node_6_1533779530132",2
"node_18_1533781288187",1
"node_63_1533527126676",5
"handler_98_1533528557211",2
"node_7_1533531966058",5
"node_1_1533625994377",2
"node_21_1530857440289",2
"handler_8_1530074480260",2
"node_96_1533528557211",3
"node_7_1533792328359",2
"node_33_1533523105453",2
"node_15_1531697406466",4
"node_19_1531114745484",3
"node_65_1533527126676",2
"node_17_1533521039273",2
"node_22_1530857623146",4
"node_7_1533281208883",14
"node_7_1530074340633",2
"node_11_1531639272698",5
"node_13_1533621390472",2
"node_19_1530854781002",2
"node_5_1533619859233",6
"node_49_1533527126676",2
"node_13_1533780933960",5
"node_15_1533622251427",4
"node_14_1533792741560",3
"node_3_1533792049903",2
"handler_23_1531182946120",1
"node_66_1533527126676",1
"slot_16_1531295045755",4
"node_5_1533792124436",3
"node_17_1533622336098",1
"node_13_1531111629306",13
"node_14_1531310156490",2
"node_3_1533779467683",3
"node_1_1533779363661",8
"node_11_1533792656767",5
"node_91_1533528557211",2
"node_92_1533528557211",2
"node_7_1533601523385",2
"node_59_1533527126676",2
"node_11_1533603354028",2
"node_60_1533527126676",2
"node_41_1533524045648",5
"node_1_1531290715370",1
"node_3_1530838399294",10
"node_14_1533773684408",1
"node_2_1533791643659",1
"handler_3_1531187331247",1
"node_16_1533520905018",2
"handler_5_1530074318496",2
"node_21_1533774476763",2
"node_5_1533779502858",2
"node_3_1533600635418",1
"node_6_1533619881924",2
"node_1_1531195335581",2
"node_2_1533777850333",2
"node_8_1533779558984",2
"slot_1_1531187331247",4
"node_23_1533522140118",2
"node_17_1533781284640",2
"node_14_1533534945274",2
"node_4_1533606722016",4
"node_4_1531308974837",1
"node_14_1533518118033",13
"node_4_1533600889527",3
"node_5_1531187551202",1
"node_46_1533524162785",1
"node_3_1531308937890",2
"node_12_1533792669446",2
"node_36_1533523942821",2
"node_14_1533603887678",1
"node_2_1533619705408",4
"node_86_1533528557211",2
"node_19_1533786275086",2
"node_4_1533617493319",1
"node_5_1533601484604",8
"node_7_1533779536888",1
"node_11_1533621083410",2
"handler_2_1533530227072",2
"node_3_1533619762319",2
"slot_1_1533530227072",3
"slot_4_1530074318496",6
"node_20_1533786929568",2
"node_6_1533617557722",2
"node_13_1533619444284",4
"node_74_1533528557210",6
"node_4_1533519411784",2
"node_2_1533613328982",2
"node_6_1533773669695",3
"node_52_1533527126676",3
"node_13_1533603783643",2
"node_12_1533621111925",1
"node_6_1533531826381",1
"node_1_1533608595930",3
"node_17_1533792950488",2
"handler_18_1531295045755",1
"handler_2_1530074318483",1
"node_5_1531309228962",3
"node_5_1533617536908",6
"node_2_1531307857482",7
"node_64_1533527126676",2
"node_24_1530857658518",13
"node_4_1533779486115",2
"node_9_1533281333361",1
"node_9_1533792337582",1
"node_23_1530857623147",1
"node_2_1531196210192",2
"node_31_1533522770091",9
"node_3_1533606342038",1
"node_1_1533793193711",2
"node_1_1531307287575",1
"node_12_1531114121924",1
"node_11_1533533169710",3
"node_1_1531698464494",2
"node_16_1533781250056",2
"node_8_1533531995623",5
"node_8_1533620481002",4
"node_93_1533528557211",1
